{
  "year": 2019,
  "train_accuracy": 0.8780233271945979,
  "test_accuracy": 0.829118585808986,
  "train_auc": 0.9478888136411742,
  "test_auc": 0.9086716708969425,
  "cv_mean": 0.8224063842848374,
  "cv_std": 0.0028371319848474875,
  "confusion_matrix": [
    [
      1572,
      394
    ],
    [
      302,
      1805
    ]
  ]
}