{
  "year": 2019,
  "train_accuracy": 0.9002358062760747,
  "test_accuracy": 0.8594921402660217,
  "train_auc": 0.963906846615687,
  "test_auc": 0.9337506216203422,
  "cv_mean": 0.8530737627742845,
  "cv_std": 0.00720176019293675,
  "confusion_matrix": [
    [
      1643,
      338
    ],
    [
      243,
      1911
    ]
  ]
}